{"dist to invader": 1,"num of invaders":0.01,"mean dist to food": 0.001}
{"dist to invader": 1.0201947570796153, "num of invaders": 4.86825291994586, "mean dist to food": 0.20156689831977043, "dist to food that closed to mid line": 0.4198361034840748}
{"dist to invader": 1.0202622025824122, "num of invaders": 5.057476733573847, "mean dist to food": 0.20844452467643734, "dist to food that closed to mid line": 0.42114305967046833}
{"dist to invader": 1.0204953884129684, "num of invaders": 5.214134877344212, "mean dist to food": 0.21328143121186727, "dist to food that closed to mid line": 0.4223417487019818}
{"dist to invader": 1.0205045377810442, "num of invaders": 5.390625227177865, "mean dist to food": 0.21954610744428957, "dist to food that closed to mid line": 0.42395282959286323}
{"dist to invader": 1.0206586468591041, "num of invaders": 5.534970017483582, "mean dist to food": 0.22644645207144928, "dist to food that closed to mid line": 0.4240832994790393}
{"dist to invader": 1.0207715579213839, "num of invaders": 5.674146985251887, "mean dist to food": 0.2322199101608699, "dist to food that closed to mid line": 0.4247389050336394}
{"dist to invader": 1.0214196796826511, "num of invaders": 5.755714513815638, "mean dist to food": 0.23418984311313615, "dist to food that closed to mid line": 0.4258581891157015}
{"dist to invader": 1.0214267702653992, "num of invaders": 5.91244751539221, "mean dist to food": 0.23842702362404553, "dist to food that closed to mid line": 0.42657049618527954}
{"dist to invader": 1.0217196953698027, "num of invaders": 5.934012591532727, "mean dist to food": 0.23869583393839638, "dist to food that closed to mid line": 0.4244795954954745}
{"dist to invader": 1.0223226031107695, "num of invaders": 6.0327744744419345, "mean dist to food": 0.24243186132794015, "dist to food that closed to mid line": 0.42404894957651235}
{"dist to invader": 1.0223311235657886, "num of invaders": 6.179324409515897, "mean dist to food": 0.24758976391473703, "dist to food that closed to mid line": 0.42417074934829924}
{"dist to invader": 1.0225574486995626, "num of invaders": 6.29457929626897, "mean dist to food": 0.2525376427753597, "dist to food that closed to mid line": 0.4249283056238165}
{"dist to invader": 1.022561003597018, "num of invaders": 6.377868804615439, "mean dist to food": 0.25543061034729286, "dist to food that closed to mid line": 0.4268393099530135}
{"dist to invader": 1.0222427265415557, "num of invaders": 6.143183964118987, "mean dist to food": 0.2478731513316051, "dist to food that closed to mid line": 0.42481923268464933}
{"dist to invader": 1.022246524922337, "num of invaders": 5.917149153773069, "mean dist to food": 0.2382863888675683, "dist to food that closed to mid line": 0.4228605880433429}
{"dist to invader": 1.0221310720730303, "num of invaders": 5.699489820716091, "mean dist to food": 0.2313261673850787, "dist to food that closed to mid line": 0.42152120008908645}
{"dist to invader": 1.022077588839574, "num of invaders": 5.489863985507078, "mean dist to food": 0.22285305874651265, "dist to food that closed to mid line": 0.4209185663624434}
{"dist to invader": 1.0222146694518144, "num of invaders": 5.292363089856566, "mean dist to food": 0.21413318994543862, "dist to food that closed to mid line": 0.4171644558118313}
{"dist to invader": 1.022190416325126, "num of invaders": 5.097544360405599, "mean dist to food": 0.20783862087274035, "dist to food that closed to mid line": 0.4138909886266093}
{"dist to invader": 1.022162964438624, "num of invaders": 4.910031933925225, "mean dist to food": 0.20033751985775017, "dist to food that closed to mid line": 0.4131564633212365}
{"dist to invader": 1.0222362061666517, "num of invaders": 4.734005061129779, "mean dist to food": 0.19531388743011754, "dist to food that closed to mid line": 0.40982847336099104}
{"dist to invader": 1.0222178918558353, "num of invaders": 4.5598717230233605, "mean dist to food": 0.1897248701711934, "dist to food that closed to mid line": 0.4086530106179733}
{"dist to invader": 1.022202664367327, "num of invaders": 4.392011194189611, "mean dist to food": 0.18475074182478296, "dist to food that closed to mid line": 0.40598677381922044}
{"dist to invader": 1.0221756181717887, "num of invaders": 4.074334573173614, "mean dist to food": 0.17153959256077142, "dist to food that closed to mid line": 0.4019816802242756}
{"dist to invader": 1.0221254935532715, "num of invaders": 3.7799282368428893, "mean dist to food": 0.16067991820821342, "dist to food that closed to mid line": 0.40102839715675903}
{"dist to invader": 1.0221482948296263, "num of invaders": 3.5067071258552818, "mean dist to food": 0.1519874886718399, "dist to food that closed to mid line": 0.3991852747871375}
{"dist to invader": 1.021239604479098, "num of invaders": 3.1375541169475363, "mean dist to food": 0.14193547366946224, "dist to food that closed to mid line": 0.39506234223342257}
{"dist to invader": 1.021093776555587, "num of invaders": 2.9539965163140773, "mean dist to food": 0.1352214481281987, "dist to food that closed to mid line": 0.3941856119842201}
{"dist to invader": 1.0209874419921618, "num of invaders": 2.760955776451184, "mean dist to food": 0.12708178257870117, "dist to food that closed to mid line": 0.39067420478540793}
{"dist to invader": 1.0207368576807259, "num of invaders": 2.5377575979175577, "mean dist to food": 0.12053887851099093, "dist to food that closed to mid line": 0.38703316421636463}
{"dist to invader": 1.020691759017833, "num of invaders": 2.2672098242505685, "mean dist to food": 0.11256428525162768, "dist to food that closed to mid line": 0.3848138851481923}
{"dist to invader": 1.020443680119626, "num of invaders": 2.025389503628179, "mean dist to food": 0.10525998240667156, "dist to food that closed to mid line": 0.38218520250952975}
{"dist to invader": 1.0202691055213848, "num of invaders": 1.8093058445030763, "mean dist to food": 0.09877255931555064, "dist to food that closed to mid line": 0.3798370929665704}
{"dist to invader": 1.0203447284747775, "num of invaders": 1.6924210126493626, "mean dist to food": 0.09470477718803351, "dist to food that closed to mid line": 0.3770013339795682}
{"dist to invader": 1.0200187258012028, "num of invaders": 1.5116064374727367, "mean dist to food": 0.088007123244783, "dist to food that closed to mid line": 0.374977377870013}
{"dist to invader": 1.0200227492709453, "num of invaders": 1.3551320786601668, "mean dist to food": 0.07915629852975749, "dist to food that closed to mid line": 0.37399820029789155}
{"dist to invader": 1.0196919291668503, "num of invaders": 1.2104205404384305, "mean dist to food": 0.07392291814322828, "dist to food that closed to mid line": 0.37328710245381835}
{"dist to invader": 1.019848082079201, "num of invaders": 1.080815504909443, "mean dist to food": 0.06948980237748546, "dist to food that closed to mid line": 0.371710221078943}
{"dist to invader": 1.0197818138748351, "num of invaders": 0.9656052986359893, "mean dist to food": 0.06621650049270199, "dist to food that closed to mid line": 0.3714360126167021}
{"dist to invader": 1.0197649128649215, "num of invaders": 0.8625284044176964, "mean dist to food": 0.06325868120633446, "dist to food that closed to mid line": 0.3707769486813562}
{"dist to invader": 1.0203483324229257, "num of invaders": 0.7731818623341669, "mean dist to food": 0.06088577096730319, "dist to food that closed to mid line": 0.3702328653354031}
{"dist to invader": 1.020353359916052, "num of invaders": 0.6905524098022162, "mean dist to food": 0.05775314118542045, "dist to food that closed to mid line": 0.3697520156115594}
{"dist to invader": 1.020365836528509, "num of invaders": 0.6164272595277951, "mean dist to food": 0.054923137916310746, "dist to food that closed to mid line": 0.3686868396836681}
{"dist to invader": 1.0207257760596686, "num of invaders": 0.5500233410537184, "mean dist to food": 0.05232302159169864,