{"dist to invader": 1,"num of invaders":0.01,"mean dist to food": 0.001}
{"dist to invader": 1.0220670704459858, "num of invaders": 0.36680992958875785, "mean dist to food": 0.04652739412112162, "dist to food that closed to mid line": 0.3657005092999998}
{"dist to invader": 1.0221196450845627, "num of invaders": 0.4870965839912565, "mean dist to food": 0.04915140745413542, "dist to food that closed to mid line": 0.3684873230933746}
{"dist to invader": 1.0221196450845627, "num of invaders": 0.4690127160234072, "mean dist to food": 0.0485017216362047, "dist to food that closed to mid line": 0.36829985500016965}
{"dist to invader": 1.022332390870825, "num of invaders": 0.5617270289252013, "mean dist to food": 0.05111661100135631, "dist to food that closed to mid line": 0.37050596765463917}
{"dist to invader": 1.0223315791512173, "num of invaders": 0.5409519968337325, "mean dist to food": 0.05041468170863312, "dist to food that closed to mid line": 0.3703589081706384}
{"dist to invader": 1.0223315791512173, "num of invaders": 0.5208386857342513, "mean dist to food": 0.049791085451288165, "dist to food that closed to mid line": 0.3700565363091288}
{"dist to invader": 1.0224666086681167, "num of invaders": 0.5951570992985907, "mean dist to food": 0.0521284249334604, "dist to food that closed to mid line": 0.37118663943792823}
{"dist to invader": 1.0224666086681167, "num of invaders": 0.5730873694926291, "mean dist to food": 0.051349905113481434, "dist to food that closed to mid line": 0.37093375958375174}
{"dist to invader": 1.0224666086681167, "num of invaders": 0.5517697497139052, "mean dist to food": 0.05042920196963369, "dist to food that closed to mid line": 0.3706151245214911}
{"dist to invader": 1.0224714769064636, "num of invaders": 0.5388603515283665, "mean dist to food": 0.04998887393597357, "dist to food that closed to mid line": 0.37043442316486463}
{"dist to invader": 1.0224714769064636, "num of invaders": 0.5188574976252547, "mean dist to food": 0.04913858256161652, "dist to food that closed to mid line": 0.3702202444305852}
{"dist to invader": 1.0224714769064636, "num of invaders": 0.499585327490875, "mean dist to food": 0.04832001687746479, "dist to food that closed to mid line": 0.3700059284017046}
{"dist to invader": 1.0224714769064636, "num of invaders": 0.4810556397045217, "mean dist to food": 0.047730944818545194, "dist to food that closed to mid line": 0.36982111731589423}
{"dist to invader": 1.0224320643398601, "num of invaders": 0.46323750169088573, "mean dist to food": 0.04726226332425495, "dist to food that closed to mid line": 0.3697441731711413}
{"dist to invader": 1.0226288162079284, "num of invaders": 0.480265570870257, "mean dist to food": 0.04783337418088075, "dist to food that closed to mid line": 0.3698208959803876}
{"dist to invader": 1.0226288162079284, "num of invaders": 0.4624902435498788, "mean dist to food": 0.04727259335209586, "dist to food that closed to mid line": 0.3697041632597682}
{"dist to invader": 1.024962503509699, "num of invaders": 0.5324848831388819, "mean dist to food": 0.05029474649310727, "dist to food that closed to mid line": 0.3723158894547312}
{"dist to invader": 1.024962503509699, "num of invaders": 0.512736905327978, "mean dist to food": 0.049693405882626204, "dist to food that closed to mid line": 0.3721041102799183}
{"dist to invader": 1.0249055881037707, "num of invaders": 0.5193412931353676, "mean dist to food": 0.05036624696470012, "dist to food that closed to mid line": 0.3719771541204503}
{"dist to invader": 1.0276031518925912, "num of invaders": 0.5945882219245284, "mean dist to food": 0.05350800342684787, "dist to food that closed to mid line": 0.3735122977169148}
{"dist to invader": 1.0276031518925912, "num of invaders": 0.5725390639269112, "mean dist to food": 0.05281577690840876, "dist to food that closed to mid line": 0.37325018246284875}
{"dist to invader": 1.0276031518925912, "num of invaders": 0.5513410667591047, "mean dist to food": 0.052163240296975985, "dist to food that closed to mid line": 0.3730630372366146}
{"dist to invader": 1.0307665834007909, "num of invaders": 0.5925070326982834, "mean dist to food": 0.05393809677792643, "dist to food that closed to mid line": 0.37570709525110785}
{"dist to invader": 1.0307665834007909, "num of invaders": 0.5705392354940817, "mean dist to food": 0.05298004143845308, "dist to food that closed to mid line": 0.37549822460017024}
{"dist to invader": 1.0307578219186684, "num of invaders": 0.5595727660082926, "mean dist to food": 0.05267867153772373, "dist to food that closed to mid line": 0.37537694028725643}
{"dist to invader": 1.0307353709660154, "num of invaders": 0.5388639318277098, "mean dist to food": 0.05208582807697644, "dist to food that closed to mid line": 0.3749676299382557}
{"dist to invader": 1.0307977871630747, "num of invaders": 0.5212785715582481, "mean dist to food": 0.051249126091928776, "dist to food that closed to mid line": 0.3744962504020159}
{"dist to invader": 1.0307977871630747, "num of invaders": 0.5019359149475006, "mean dist to food": 0.050362212138817745, "dist to food that closed to mid line": 0.3743245473343094}
{"dist to invader": 1.0307977871630747, "num of invaders": 0.4832732302881119, "mean dist to food": 0.04958998091854019, "dist to food that closed to mid line": 0.3741007651995411}
{"dist to invader": 1.0311452635630258, "num of invaders": 0.5284823752499014, "mean dist to food": 0.05168183923087932, "dist to food that closed to mid line": 0.3754034704472018}
{"dist to invader": 1.0315538257596164, "num of invaders": 0.5209070464460758, "mean dist to food": 0.051793564333709734, "dist to food that closed to mid line": 0.3754324204772173}
{"dist to invader": 1.032529520414925, "num of invaders": 0.6557871390421245, "mean dist to food": 0.05613362698247989, "dist to food that closed to mid line": 0.37866821735519446}
{"dist to invader": 1.032529520414925, "num of invaders": 0.6315766727601604, "mean dist to food": 0.05533630828975334, "dist to food that closed to mid line": 0.3785519025769414}
{"dist to invader": 1.032529520414925, "num of invaders": 0.60819896152205, "mean dist to food": 0.0546926201157713, "dist to food that closed to mid line": 0.3783205400684056}
{"dist to invader": 1.0327662228899992, "num of invaders": 0.6097687332786694, "mean dist to food": 0.05553929316778995, "dist to food that closed to mid line": 0.3781658353311015}
{"dist to invader": 1.0327662228899992, "num of invaders": 0.5872213335651814, "mean dist to food": 0.05470406739332561, "dist to food that closed to mid line": 0.3780260944218751}
{"dist to invader": 1.0327662228899992, "num of invaders": 0.5654034069924123, "mean dist to food": 0.05399574577045282, "dist to food that closed to mid line": 0.37770928502875456}
{"dist to invader": 1.0328572483017244, "num of invaders": 0.5957087658996402, "mean dist to food": 0.05498685332365525, "dist to food that closed to mid line": 0.37886847511611965}
{"dist to invader": 1.0329157118788892, "num of invaders": 0.6077067169195215, "mean dist to food": 0.05494319866693744, "dist to food that closed to mid line": 0.37869736443955665}
{"dist to invader": 1.0328946756089803, "num of invaders": 0.5852403858734146, "mean dist to food": 0.05404409190637041, "dist to food that closed to mid line": 0.37859696318140973}
{"dist to invader": 1.032980009698949, "num of invaders": 0.7050396948802746, "mean dist to food": 0.057384465966624776, "dist to food that closed to mid line": 0.38043087516122065}
{"dist to invader": 1.032980009698949, "num of invaders": 0.6790059547561309, "mean dist to food": 0.05669767047212841, "dist to food that closed to mid line": 0.380254236978682}
{"dist to invader": 1.032980009698949, "num of invaders": 0.6537374711261728, "mean dist to food": 0.05570847418822281, "dist to food that closed to mid line": 0.37976572746420906}
{"dist to invader": 1.032980009698949, "num of invaders": 0.6294902879083263, "mean dist to food": 0.05443972258718841,