{"on defense": 1.0339004497897573, "dist to Invader": -0.9983375190415795, "num of Invaders": -0.9621031841457647, "stop": -0.34851483670340805, "reverse": -0.45032050862443, "mean dist to food": -0.0717183618193952}