{"dist to invader": 1,"num of invaders":0.01,"mean dist to food": 0.001}
{"dist to invader": 0.9997723397995327, "num of invaders": 0.0056041263003448125, "mean dist to food": 0.0008744173462016333}
{"dist to invader": 0.9997421651603272, "num of invaders": 0.004248506171043105, "mean dist to food": 0.0008604633982602894}
{"dist to invader": 0.9996573669884197, "num of invaders": 0.0029499777624132006, "mean dist to food": 0.0008357583914129178}
{"dist to invader": 0.9992848167474123, "num of invaders": 0, "mean dist to food": 0.0006853522277828773}
{"dist to invader": 0.9988676237034622, "num of invaders": 0, "mean dist to food": 0.0004524695873529157}
{"dist to invader": 0.9988264367160882, "num of invaders": 0.0, "mean dist to food": 0.00041551525707376975}
{"dist to invader": 0.9987279543804489, "num of invaders": 0.0, "mean dist to food": 0.00037427353091293384}
{"dist to invader": 0.9985107451804814, "num of invaders": 0.0, "mean dist to food": 0.0002476602043157852}
{"dist to invader": 0.9982426812015577, "num of invaders": 0.0, "mean dist to food": 0.00016215968473358056}
{"dist to invader": 0.9979547891068782, "num of invaders": 0, "mean dist to food": 0.00014366952440552863}
{"dist to invader": 0.9978407876694778, "num of invaders": 0.0, "mean dist to food": 0.0001284318464347453}
{"dist to invader": 0.9976654266618852, "num of invaders": 0.0, "mean dist to food": 9.409900513229839e-05}
