{"dist to invader":-1,"num of invaders":-1,"stop":-0.5,"reverse":-0.5,"mean dist to food":-1,"dist to last eaten food":-1,"dist to last eaten capsule":-1}
{"dist to invader": -0.9997531567592903, "num of invaders": -0.9922541662878922, "stop": -0.5, "reverse": -0.4988961367350552, "mean dist to food": -1.0026354096985568, "dist to last eaten food": -0.9999996745611732, "dist to last eaten capsule": -1}
{"dist to invader": -0.9990980532001424, "num of invaders": -0.975060996586388, "stop": -0.5, "reverse": -0.4943321068914878, "mean dist to food": -1.0017753963781508, "dist to last eaten food": -1.0000170268747215, "dist to last eaten capsule": -1}
