{"num of food":1,"dist to closest food":0.01,"dist to closest ghost":0.1,"dist to closest capsule":0.01,"num of capsules":0.01,"dist to mid line":0.01}
{"num of food": 1.0014935358657056, "dist to closest food": 0.0058213159116061895, "dist to closest ghost": 0.1122171996821435, "dist to closest capsule": 0.0009071819124310289, "num of capsules": 0.07293894980743129, "dist to mid line": 0.011467978631999973}
{"num of food": 0.8663370544270229, "dist to closest food": 0.019599214901901668, "dist to closest ghost": 0.10331630573871228, "dist to closest capsule": 0.020380059117181496, "num of capsules": 0.35824361260936677, "dist to mid line": 0.012260525890412193}
{"num of food": 0.19870206976149996, "dist to closest food": 0.013958913842822475, "dist to closest ghost": 0.11211644983010144, "dist to closest capsule": 0.019867916755230204, "num of capsules": 0.22533608798464308, "dist to mid line": 0.018222895066730797}
{"num of food": 0.41239605688551023, "dist to closest food": 0.04291743947398377, "dist to closest ghost": 0.08006893089299343, "dist to closest capsule": 0.018858738985806655, "num of capsules": 0.20273950775862437, "dist to mid line": 0.01848090222284482}
{"num of food": 0.3360569138910872, "dist to closest food": 0.04133532824708783, "dist to closest ghost": 0.084636359715303, "dist to closest capsule": 0.030871501670982626, "num of capsules": 0.2684234388538423, "dist to mid line": 0.022123744157119467}
{"num of food": 0.43397169803674773, "dist to closest food": 0.04123103288636597, "dist to closest ghost": 0.09080452613218094, "dist to closest capsule": 0.03460169538248264, "num of capsules": 0.32649042126743444, "dist to mid line": 0.023067279892126667}
{"num of food": 1.125016336384585, "dist to closest food": 0.042625837798441986, "dist to closest ghost": 0.10052880413805151, "dist to closest capsule": 0.04013492234341268, "num of capsules": 0.5928133768575805, "dist to mid line": 0.02517640916337424}
{"num of food": 0.4506243220943218, "dist to closest food": 0.03287460701092326, "dist to closest ghost": 0.10987985222200365, "dist to closest capsule": 0.030287993535197618, "num of capsules": 0.39084353876985706, "dist to mid line": 0.03299568312799868}
{"num of food": 0.5060745547227504, "dist to closest food": 0.036974076335816036, "dist to closest ghost": 0.11369793815824843, "dist to closest capsule": 0.02935660876179806, "num of capsules": 0.3608937645634541, "dist to mid line": 0.03591462967825174}
{"num of food": 0.2834983432580991, "dist to closest food": 0.03262446452288692, "dist to closest ghost": 0.11730783746133845, "dist to closest capsule": 0.02412546164763944, "num of capsules": 0.292912813707109, "dist to mid line": 0.03587209498003009}
{"num of food": 0.3669373959937247, "dist to closest food": 0.04802487676069163, "dist to closest ghost": 0.10182430770660644, "dist to closest capsule": 0.022056611131049078, "num of capsules": 0.25426041753178263, "dist to mid line": 0.046512250931372935}
{"num of food": 0.8121222948547043, "dist to closest food": 0.06005672332411531, "dist to closest ghost": 0.10398781718883934, "dist to closest capsule": 0.04020559897890393, "num of capsules": 0.37346577403938613, "dist to mid line": 0.05142840626535831}
