{"num of Food": -0.9694698303017868, "dist to closest Food": -0.997928125173798, "dist to closest Ghost": 1.0025190596523315, "dist to closest Capsule": -0.995913582299153, "dist to mid line": -1.0000679336939717, "num of Capsules": -0.9802680308335002}