{"num of food": 0.00000000000000000, "dist to closest food": 0.000000000000000000, "dist to closest ghost": 0.0000000000000000, "dist to closest capsule": 0.00000000000000000, "num of capsules": 0.00000000000000000, "dist to mid line": 0.000000000000000000}
{"num of food": 5.0000000000000000, "dist to closest food": 0.5506332347601973, "dist to closest ghost": 1.1606030772991096, "dist to closest capsule": 0.09498214486673355, "num of capsules": 0.8457053485921516, "dist to mid line": 0.03020833333333345}
{"num of food": 4.903346838535827, "dist to closest food": 0.5466722953171022, "dist to closest ghost": 1.1606207183377553, "dist to closest capsule": 0.09425833887944075, "num of capsules": 0.8194564882256562, "dist to mid line": 0.03019485450211704}
{"num of food": 4.843259930392316, "dist to closest food": 0.5457023007120919, "dist to closest ghost": 1.160636680991044, "dist to closest capsule": 0.09405023899443511, "num of capsules": 0.8055698941996515, "dist to mid line": 0.03006052611512475}
{"num of food": 4.793039022474092, "dist to closest food": 0.5434321963522779, "dist to closest ghost": 1.160636680991044, "dist to closest capsule": 0.0935556506625332, "num of capsules": 0.7893630278854487, "dist to mid line": 0.03005682987148256}
{"num of food": 4.764833215246362, "dist to closest food": 0.5436231419693647, "dist to closest ghost": 1.1607869330151057, "dist to closest capsule": 0.09343675081147051, "num of capsules": 0.784007283409907, "dist to mid line": 0.02806479243629941}
{"num of food": 1, "dist to closest food": 0.1, "dist to closest ghost": 1, "dist to closest capsule": 0.2, "num of capsules": 1, "dist to mid line": 0.7}
{"num of food": 0.9736203112730664, "dist to closest food": 0.09923690449518591, "dist to closest ghost": 0.9999996333124461, "dist to closest capsule": 0.19997921754084497, "num of capsules": 0.9978429651626987, "dist to mid line": 0.7000273155599978}
