{"num of food": 0.00000000000000000, "dist to closest food": 0.000000000000000000, "dist to closest ghost": 0.0000000000000000, "dist to closest capsule": 0.00000000000000000, "num of capsules": 0.00000000000000000, "dist to mid line": 0.000000000000000000}
{"num of food": 5.0000000000000000, "dist to closest food": 0.5506332347601973, "dist to closest ghost": 1.1606030772991096, "dist to closest capsule": 0.09498214486673355, "num of capsules": 0.8457053485921516, "dist to mid line": 0.03020833333333345}
{"num of food": 4.903346838535827, "dist to closest food": 0.5466722953171022, "dist to closest ghost": 1.1606207183377553, "dist to closest capsule": 0.09425833887944075, "num of capsules": 0.8194564882256562, "dist to mid line": 0.03019485450211704}
{"num of food": 4.843259930392316, "dist to closest food": 0.5457023007120919, "dist to closest ghost": 1.160636680991044, "dist to closest capsule": 0.09405023899443511, "num of capsules": 0.8055698941996515, "dist to mid line": 0.03006052611512475}
{"num of food": 4.793039022474092, "dist to closest food": 0.5434321963522779, "dist to closest ghost": 1.160636680991044, "dist to closest capsule": 0.0935556506625332, "num of capsules": 0.7893630278854487, "dist to mid line": 0.03005682987148256}
{"num of food": 4.764833215246362, "dist to closest food": 0.5436231419693647, "dist to closest ghost": 1.1607869330151057, "dist to closest capsule": 0.09343675081147051, "num of capsules": 0.784007283409907, "dist to mid line": 0.02806479243629941}
{"num of food": 1, "dist to closest food": 0.1, "dist to closest ghost": 1, "dist to closest capsule": 0.2, "num of capsules": 1, "dist to mid line": 0.7}
{"num of food": 0.9736203112730664, "dist to closest food": 0.09923690449518591, "dist to closest ghost": 0.9999996333124461, "dist to closest capsule": 0.19997921754084497, "num of capsules": 0.9978429651626987, "dist to mid line": 0.7000273155599978}
{"num of food": 1.0314041339335243, "dist to closest food": 0.10565641616608658, "dist to closest ghost": 1.0000567225080674, "dist to closest capsule": 0.1981446129250529, "num of capsules": 0.9264287298434819, "dist to mid line": 0.6996984720918171}
{"num of food": 1.1611973179449009, "dist to closest food": 0.11019886065089567, "dist to closest ghost": 1.0000311202803012, "dist to closest capsule": 0.1988076092560083, "num of capsules": 0.9418404904055488, "dist to mid line": 0.6995588181482343}
{"num of food": 1.3269253016618243, "dist to closest food": 0.11512261975215707, "dist to closest ghost": 0.9999924660838603, "dist to closest capsule": 0.20031309468705125, "num of capsules": 1.0120294151059779, "dist to mid line": 0.6995588181482343}
{"num of food": 1.5537898479017402, "dist to closest food": 0.12464456880420809, "dist to closest ghost": 0.9998803994750858, "dist to closest capsule": 0.20319567714229542, "num of capsules": 1.1145009073451242, "dist to mid line": 0.699504143591637}
{"num of food": 1.4505676575655688, "dist to closest food": 0.12270706108411204, "dist to closest ghost": 0.9999515948746404, "dist to closest capsule": 0.201549972826456, "num of capsules": 1.075090758737654, "dist to mid line": 0.6990484356842468}
{"num of food": 1.449584209726667, "dist to closest food": 0.12531075765673133, "dist to closest ghost": 0.9999401777707664, "dist to closest capsule": 0.2015544337718113, "num of capsules": 1.0744687941107256, "dist to mid line": 0.6990703712092567}
{"num of food": 1.497481576234011, "dist to closest food": 0.1333979242846509, "dist to closest ghost": 1.0000265196166043, "dist to closest capsule": 0.20448518032750612, "num of capsules": 0.999560467024282, "dist to mid line": 0.6985688505931597}
{"num of food": 1.5548720259100395, "dist to closest food": 0.14151187518995664, "dist to closest ghost": 1.0001881244866417, "dist to closest capsule": 0.20300013363597208, "num of capsules": 0.9422078540278692, "dist to mid line": 0.6969622556926861}
{"num of food": 1.8974672084587039, "dist to closest food": 0.15630441182588978, "dist to closest ghost": 1.0000397316863692, "dist to closest capsule": 0.20518271029003027, "num of capsules": 1.0090631371833005, "dist to mid line": 0.6969635186938941}
{"num of food": 1.8733643649863805, "dist to closest food": 0.15626687158277347, "dist to closest ghost": 0.9999969147247256, "dist to closest capsule": 0.2050574497087488, "num of capsules": 1.0002102199773364, "dist to mid line": 0.6969385140783867}
{"num of food": 1.9323905065881322, "dist to closest food": 0.16137328803002662, "dist to closest ghost": 0.9999880329307522, "dist to closest capsule": 0.20600169997885565, "num of capsules": 0.9999135910491282, "dist to mid line": 0.6969242665952824}
{"num of food": 1.8312452948859423, "dist to closest food": 0.15079929197886846, "dist to closest ghost": 1.0001260030104393, "dist to closest capsule": 0.20605768391881077, "num of capsules": 1.0052234860020772, "dist to mid line": 0.6961884441928551}
