{"num of food": 0.00000000000000000, "dist to closest food": 0.000000000000000000, "dist to closest ghost": 0.0000000000000000, "dist to closest capsule": 0.00000000000000000, "num of capsules": 0.00000000000000000, "dist to mid line": 0.000000000000000000}
{"num of food": 42.792607496883186, "dist to closest food": 1.7757575142770756, "dist to closest ghost": 0.5419564786395229, "dist to closest capsule": 0.30907418529904, "num of capsules": 6.95935566564643, "dist to mid line": 0.022035850517009504}
{"num of food": 42.216207149825316, "dist to closest food": 1.7529720486647082, "dist to closest ghost": 0.5521388629571394, "dist to closest capsule": 0.3063362458034561, "num of capsules": 6.862349094723017, "dist to mid line": 0.01885654053445676}
{"num of food": 41.60864425129791, "dist to closest food": 1.7331297226342501, "dist to closest ghost": 0.5636142600670836, "dist to closest capsule": 0.2977449226931222, "num of capsules": 6.732353706543514, "dist to mid line": 0.017864699050185673}
{"num of food": 41.08109576873376, "dist to closest food": 1.7129161098768946, "dist to closest ghost": 0.574774663706473, "dist to closest capsule": 0.2937626670525688, "num of capsules": 6.58084229708737, "dist to mid line": 0.015062209902380172}
{"num of food": 40.57319099270008, "dist to closest food": 1.6942868362026864, "dist to closest ghost": 0.5838997273081794, "dist to closest capsule": 0.28830787051257384, "num of capsules": 6.467900565925327, "dist to mid line": 0.012914590690126345}
{"num of food": 40.06284740695414, "dist to closest food": 1.6729770538222652, "dist to closest ghost": 0.5971836249416114, "dist to closest capsule": 0.28389172500462106, "num of capsules": 6.239049191531863, "dist to mid line": 0.011423593778570076}
{"num of food": 39.4868521310531, "dist to closest food": 1.6554757604340335, "dist to closest ghost": 0.6049693172908401, "dist to closest capsule": 0.2702540970523824, "num of capsules": 5.953521460715354, "dist to mid line": 0.010575572901305213}
{"num of food": 39.047036841925255, "dist to closest food": 1.634425034366302, "dist to closest ghost": 0.6166327835746821, "dist to closest capsule": 0.2671834855179764, "num of capsules": 5.898744678140353, "dist to mid line": 0.009406422556116782}
{"num of food": 38.53923964466626, "dist to closest food": 1.606040642140721, "dist to closest ghost": 0.6361708722443892, "dist to closest capsule": 0.26074300781561127, "num of capsules": 5.754409042811969, "dist to mid line": 0.008967838028781707}
{"num of food": 38.127913376833064, "dist to closest food": 1.5934764234458745, "dist to closest ghost": 0.6436426598730137, "dist to closest capsule": 0.2566264079720015, "num of capsules": 5.661133587002033, "dist to mid line": 0.006942759818332621}
{"num of food": 37.60225373204676, "dist to closest food": 1.5775662255534881, "dist to closest ghost": 0.6547739722428433, "dist to closest capsule": 0.240658283065976, "num of capsules": 5.365244134720852, "dist to mid line": 0.005832934946060165}
{"num of food": 37.17065895103426, "dist to closest food": 1.5644408622685246, "dist to closest ghost": 0.6621188417289757, "dist to closest capsule": 0.24000377571328124, "num of capsules": 5.3252102661320295, "dist to mid line": 0.003692389506372449}
{"num of food": 36.817506532426975, "dist to closest food": 1.554748261746695, "dist to closest ghost": 0.6683259452702123, "dist to closest capsule": 0.2309929406188716, "num of capsules": 5.089104390939231, "dist to mid line": 0.0015499906259727396}
{"num of food": 36.292147243803406, "dist to closest food": 1.525809858880446, "dist to closest ghost": 0.6800763210368015, "dist to closest capsule": 0.22779664052083035, "num of capsules": 5.048059125050743, "dist to mid line": 0.0009538844408058178}
{"num of food": 10.08740012893873, "dist to closest food": 1.5161301035216737, "dist to closest ghost": 0.6890377830030274, "dist to closest capsule": 0.22677723511696934, "num of capsules": 4.976903862257888, "dist to mid line": 2.369791645010753e-05}
{"num of food": 9.986127516445222, "dist to closest food": 1.5117011237943714, "dist to closest ghost": 0.692545343523755, "dist to closest capsule": 0.22666970806772793, "num of capsules": 4.966749160869625, "dist to mid line": 0}
{"num of food": 9.862248514903715, "dist to closest food": 1.506876398850607, "dist to closest ghost": 0.6954619721385993, "dist to closest capsule": 0.2262553571915712, "num of capsules": 4.952186306098651, "dist to mid line": 2.436285696063195e-06}
{"num of food": 9.748021726535686, "dist to closest food": 1.5013516076432356, "dist to closest ghost": 0.6983631796118345, "dist to closest capsule": 0.2254525376999565, "num of capsules": 4.93287725279776, "dist to mid line": 1.4456970232150857e-06}
{"num of food": 9.636793086567684, "dist to closest food": 1.496799165566417, "dist to closest ghost": 0.6997240096711831, "dist to closest capsule": 0.22301767261945116, "num of capsules": 4.875703990455115, "dist to mid line": 3.7014838087818226e-06}
{"num of food": 9.477349740662703, "dist to closest food": 1.4929209633750091, "dist to closest ghost": 0.7020011425555498, "dist to closest capsule": 0.21789287496208287, "num of capsules": 4.746246217952311, "dist to mid line": 0}
{"num of food": 9.355364957822808, "dist to closest food": 1.484332966824339, "dist to closest ghost": 0.7060056730522029, "dist to closest capsule": 0.2174219982033332, "num of capsules": 4.726845699006348, "dist to mid line": 0.0}
{"num of food": 9.23883884741423, "dist to closest food": 1.4812522583386014, "dist to closest ghost": 0.7080467139891623, "dist to closest capsule": 0.21630933132015243, "num of capsules": 4.687139313656853, "dist to mid line": 0}
{"num of food": 9.147104970899784, "dist to closest food": 1.4778245952808178, "dist to closest ghost": 0.7106249647080434, "dist to closest capsule": 0.2146345728374517, "num of capsules": 4.638818342027503, "dist to mid line": 0.00014523461411976584}
{"num of food": 9.033951025488733, "dist to closest food": 1.4720310898761924, "dist to closest ghost": 0.7133371874222266, "dist to closest capsule": 0.21402846735866465, "num of capsules": 4.607028817229241, "dist to mid line": 0.0001149814213854451}
{"num of food": 8.91017348809894, "dist to closest food": 1.4649044456767164, "dist to closest ghost": 0.716768474524598, "dist to closest capsule": 0.21383939448601477, "num of capsules": 4.593561381634835, "dist to mid line": 0.0}
{"num of food": 8.67606032980374, "dist to closest food": 1.4503441081856976, "dist to closest ghost": 0.7235723737713626, "dist to closest capsule": 0.2134434909576931, "num of capsules": 4.581676955135653, "dist to mid line": 5.408260436772561e-06}
{"num of food": 8.4325164680739, "dist to closest food": 1.445237860349628, "dist to closest ghost": 0.7269361799543972, "dist to closest capsule": 0.2133143325575588, "num of capsules": 4.5668173621076225, "dist to mid line": 0.0}
{"num of food": 8.264399196978948, "dist to closest food": 1.4408172447482663, "dist to closest ghost": 0.7308808898972072, "dist to closest capsule": 0.2101608475071787, "num of capsules": 4.4515983742046314, "dist to mid line": 1.0}
{"num of food": 7.928393001591462, "dist to closest food": 1.425611215435965, "dist to closest ghost": 0.7396221269968111, "dist to closest capsule": 0.2096380528014147, "num of capsules": 4.415233927943788, "dist to mid line": 0.998266542742586}
{"num of food": 7.83627449558746, "dist to closest food": 1.4240009524119195, "dist to closest ghost": 0.7426901367318142, "dist to closest capsule": 0.20891240145066425, "num of capsules": 4.37813058737194, "dist to mid line": 0.9975112533711171}
{"num of food": 7.7187970317239865, "dist to closest food": 1.4206184355411393, "dist to closest ghost": 0.7475860127926246, "dist to closest capsule": 0.2055681965614308, "num of capsules": 4.284608424652401, "dist to mid line": 0.9964918892928878}
{"num of food": 7.603555098774972, "dist to closest food": 1.4171986739360787,