{"num of food": 0.00000000000000000, "dist to closest food": 0.000000000000000000, "dist to closest ghost": 0.0000000000000000, "dist to closest capsule": 0.00000000000000000, "num of capsules": 0.00000000000000000, "dist to mid line": 0.000000000000000000}
{"num of food": 17.591049187417827, "dist to closest food": 0.6576929487192739, "dist to closest ghost": 1, "dist to closest capsule": 0.14440294182740257, "num of capsules": 3.5566368439167326, "dist to mid line": 0.012923762636774428}
{"num of food": 21.96595395715745, "dist to closest food": 0.8973701981452287, "dist to closest ghost": 0.8948771589383359, "dist to closest capsule": 0.15986759875095743, "num of capsules": 4.24847501808498, "dist to mid line": 0.013895447751489154}
{"num of food": 21.96936786397617, "dist to closest food": 0.8819718546599434, "dist to closest ghost": 0.8983496728256599, "dist to closest capsule": 0.17287364601744112, "num of capsules": 4.215014191500644, "dist to mid line": 0.013090408761330285}
{"num of food": 26.34088242784595, "dist to closest food": 1.0734767220951882, "dist to closest ghost": 0.8213977636881172, "dist to closest capsule": 0.2465536553354269, "num of capsules": 5.4134294632116005, "dist to mid line": 0.013355777174232893}
{"num of food": 25.68991634956402, "dist to closest food": 1.0457257111394023, "dist to closest ghost": 0.8284152895141871, "dist to closest capsule": 0.1980158460246251, "num of capsules": 4.740495785455882, "dist to mid line": 0.02333799192432163}
{"num of food": 29.341142367200053, "dist to closest food": 1.1623987240604114, "dist to closest ghost": 0.7591655386422443, "dist to closest capsule": 0.22477156102039736, "num of capsules": 5.387049672758584, "dist to mid line": 0.032213851300128694}
{"num of food": 30.0294310283471, "dist to closest food": 1.1616354993149156, "dist to closest ghost": 0.7733648027564444, "dist to closest capsule": 0.24640051446321282, "num of capsules": 6.294585766184979, "dist to mid line": 0.023427823266735665}
{"num of food": 34.028498886958864, "dist to closest food": 1.3137129788999615, "dist to closest ghost": 0.7159860671147491, "dist to closest capsule": 0.25899864405573503, "num of capsules": 6.700751990135962, "dist to mid line": 0.023570451247468642}
{"num of food": 34.12496774232509, "dist to closest food": 1.3304477273299828, "dist to closest ghost": 0.7138406094638365, "dist to closest capsule": 0.2653415002336009, "num of capsules": 6.903997608990008, "dist to mid line": 0.0235498649210396}
{"num of food": 38.22531247503258, "dist to closest food": 1.5097923027311122, "dist to closest ghost": 0.6399006390398277, "dist to closest capsule": 0.2833138836823843, "num of capsules": 7.651911476405511, "dist to mid line": 0.024509795441465268}
{"num of food": 38.01569373388363, "dist to closest food": 1.507314152639645, "dist to closest ghost": 0.6380591808130225, "dist to closest capsule": 0.28181161025992774, "num of capsules": 7.616960361149656, "dist to mid line": 0.024634771463110793}
{"num of food": 42.26877073223683, "dist to closest food": 1.6936451398423713, "dist to closest ghost": 0.5623611352035349, "dist to closest capsule": 0.29271370727532764, "num of capsules": 8.153429318275599, "dist to mid line": 0.02465404434094409}
{"num of food": 42.293867538587065, "dist to closest food": 1.6938648514004964, "dist to closest ghost": 0.5627754302114196, "dist to closest capsule": 0.2936283926780136, "num of capsules": 8.174432381099193, "dist to mid line": 0.02464721576343152}
{"num of food": 45.498201142815, "dist to closest food": 1.8135551494968658, "dist to closest ghost": 0.517061398014142, "dist to closest capsule": 0.3260816718528323, "num of capsules": 9.067355550909504, "dist to mid line": 0.03235741687848791}
{"num of food": 45.86632372866421, "dist to closest food": 1.837499257654726, "dist to closest ghost": 0.4978148144564776, "dist to closest capsule": 0.3411892648001108, "num of capsules": 9.276648509419287, "dist to mid line": 0.02663006835453037}
{"num of food": 49.456846801129636, "dist to closest food": 1.983015285399276, "dist to closest ghost": 0.43700887359137447, "dist to closest capsule": 0.38504542059498176, "num of capsules": 9.864371267154489, "dist to mid line": 0.028504150993116418}
{"num of food": 49.5056046438705, "dist to closest food": 1.9679376135699393, "dist to closest ghost": 0.44319543538223305, "dist to closest capsule": 0.3759187374219583, "num of capsules": 9.726436548322054, "dist to mid line": 0.02858697557838493}
{"num of food": 53.288650835107816, "dist to closest food": 2.1527314634761887, "dist to closest ghost": 0.3603381640132624, "dist to closest capsule": 0.42093986543677137, "num of capsules": 10.432342396630743, "dist to mid line": 0.02866208234371915}
{"num of food": 53.4301969388327, "dist to closest food": 2.173886297845937, "dist to closest ghost": 0.36077952754370923, "dist to closest capsule": 0.42339835041266594, "num of capsules": 10.518719168126152, "dist to mid line": 0.02864523678986668}
{"num of food": 57.33982300641666, "dist to closest food": 2.4531776267826424, "dist to closest ghost": 0.2378467186297348, "dist to closest capsule": 0.42471970630751144, "num of capsules": 10.585901447280982, "dist to mid line": 0.028694332384663186}
{"num of food": 57.34031997066148, "dist to closest food": 2.4532104902917284, "dist to closest ghost": 0.23731144004586763, "dist to closest capsule": 0.4247278216754407, "num of capsules": 10.588977619896946, "dist to mid line": 0.0286970245318621}
{"num of food": 56.467470832104844, "dist to closest food": 2.393762053409785, "dist to closest ghost": 0.2672902911498897, "dist to closest capsule": 0.41680887743824085, "num of capsules": 10.499909278187134, "dist to mid line": 0.02870409654673984}
{"num of food": 56.45607256693048, "dist to closest food": 2.3950330489759963, "dist to closest ghost": 0.26614056539779024, "dist to closest capsule": 0.4218575557117852, "num of capsules": 10.491168960446249, "dist to mid line": 0.028676622716572082}
{"num of food": 55.59940029819866, "dist to closest food": 2.36240734618689, "dist to closest ghost": 0.28174093449336235, "dist to closest capsule": 0.418051530255397, "num of capsules": 10.338025447943616, "dist to mid line": 0.028592323497275658}
{"num of food": 55.593048616409654, "dist to closest food": 2.3591047148651043, "dist to closest ghost": 0.2813377641102593, "dist to closest capsule": 0.41646350985039554, "num of capsules": 10.27937605223908, "dist to mid line": 0.028582672555831218}
{"num of food": 54.997943062620394, "dist to closest food": 2.3314929102511495, "dist to closest ghost": 0.30035476415454915, "dist to closest capsule": 0.4163145043422855, "num of capsules": 10.256480645755547, "dist to mid line": 0.026088210590781844}
{"num of food": 54.78986843530155, "dist to closest food": 2.3200131545952902, "dist to closest ghost": 0.30058402297228565, "dist to closest capsule": 0.41077768418532434, "num of capsules": 10.211220357678911, "dist to mid line": 0.028079340202786237}
{"num of food": 53.95785806963928, "dist to closest food": 2.285114944450774, "dist to closest ghost": 0.3197379604718566, "dist to closest capsule": 0.40731723918681684, "num of capsules": 10.107986576632118, "dist to mid line": 0.027984355128007756}
{"num of food": 53.958899033512225, "dist to closest food": 2.283122797589149, "dist to closest ghost": 0.3191458378115477, "dist to closest capsule": 0.40522601913967543, "num of capsules": 10.031872169456573, "dist to mid line": 0.02791753685169239}
{"num of food": 53.161607789937705, "dist to closest food": 2.2459587736767044, "dist to closest ghost": 0.33332008512937217, "dist to closest capsule": 0.39965326726648354, "num of capsules": 9.878917096267033, "dist to mid line": 0.027254069706802334}
{"num of food": 53.1536683708091, "dist to closest food": 2.246159532163078, "dist to closest ghost": 0.33514785828324056, "dist to closest capsule": 0.39895117333517044, "num of capsules": 9.84658947099147,